{
    "defaultLanguageId": "en_US",
    "label": {
        "en_US": "Maestro Loans"
    },
    "name": "MaestroLoan",
    "objectFields": [
        {
            "businessType": "Text",
            "label": {
                "en_US": "Loan ID"
            },
            "name": "loanId",
            "required": true
        },
        {
            "businessType": "Text",
            "label": {
                "en_US": "Client Name"
            },
            "name": "clientName",
            "required": true
        },
        {
            "businessType": "Decimal",
            "label": {
                "en_US": "Loan Amount"
            },
            "name": "loanAmount",
            "required": true
        },
        {
            "businessType": "Text",
            "label": {
                "en_US": "Currency"
            },
            "name": "currency",
            "required": true
        },
        {
            "businessType": "Text",
            "label": {
                "en_US": "Loan Type"
            },
            "name": "loanType",
            "required": true
        },
        {
            "businessType": "Picklist",
            "label": {
                "en_US": "Status"
            },
            "name": "status",
            "required": true,
            "listTypeDefinitionExternalReferenceCode": "LOAN_STATUS"
        },
        {
            "businessType": "Date",
            "label": {
                "en_US": "Origination Date"
            },
            "name": "originationDate",
            "required": true
        },
        {
            "businessType": "Date",
            "label": {
                "en_US": "Maturity Date"
            },
            "name": "maturityDate",
            "required": true
        },
        {
            "businessType": "Decimal",
            "label": {
                "en_US": "Interest Rate"
            },
            "name": "interestRate",
            "required": true
        },
        {
            "businessType": "Text",
            "label": {
                "en_US": "Risk Rating"
            },
            "name": "riskRating",
            "required": false
        },
        {
            "businessType": "Text",
            "label": {
                "en_US": "Sector"
            },
            "name": "sector",
            "required": false
        },
        {
            "businessType": "Text",
            "label": {
                "en_US": "Purpose"
            },
            "name": "purpose",
            "required": false
        },
        {
            "businessType": "LongText",
            "label": {
                "en_US": "Notes"
            },
            "name": "notes",
            "required": false
        }
    ],
    "pluralLabel": {
        "en_US": "Maestro Loans"
    },
    "scope": "company"
}