{
    "fieldSets": [
        {
            "fields": [
                {
                    "dataType": "int",
                    "defaultValue": "4",
                    "label": "Number of Items",
                    "name": "numberOfItems",
                    "type": "text",
                    "typeOptions": {
                        "validation": {
                            "min": 1,
                            "type": "number"
                        }
                    }
                },
                {
                    "dataType": "int",
                    "defaultValue": "4",
                    "label": "Number of Widgets",
                    "name": "numberOfWidgets",
                    "type": "text",
                    "typeOptions": {
                        "validation": {
                            "min": 1,
                            "type": "number"
                        }
                    }
                },                              
                {
                    "name": "columnClass",
                    "label": "Column Class",
                    "type": "text",
                    "dataType": "string",
                    "defaultValue": "col-sm-6"
                }                                               
            ],
            "label": "Widget Container Options"
        }
    ]
}