{
	"fieldSets": [
		{
			"fields": [
				{
					"dataType": "int",
					"defaultValue": "4",
					"label": "number-of-items",
					"name": "numberOfItems",
					"type": "text",
					"typeOptions": {
						"validation": {
							"min": 1,
							"type": "number"
						}
					}
				},
				{
					"dataType": "int",
					"defaultValue": "4",
					"label": "number-of-widgets",
					"name": "numberOfWidgets",
					"type": "text",
					"typeOptions": {
						"validation": {
							"min": 1,
							"type": "number"
						}
					}
				},				
				{
					"name": "columnClass",
					"label": "column-class",
					"type": "text",
					"dataType": "string",
					"defaultValue": "col-sm-6"
				}						
			],
			"label": "options"
		}
	]
}